{
  "nodes": [
    {
      "name": "primary-node",
      "host": "pnode1.danbot.host",
      "port": 1427,
      "password": "kaalahoon",
      "secure": false,
      "priority": 1
    },
    {
      "name": "backup-node",
      "host": "pnode1.danbot.host",
      "port": 1128,
      "password": "kaalahoon",
      "secure": false,
      "priority": 2
    }
  ],
  "defaultSearchEngine": "youtube",
  "spotifyConfig": {
    "clientId": "d62dc6e25a374aad8f035111f351ea85",
    "clientSecret": "c807e75e805d4001be9fd81e4afd6272",
    "searchLimit": 10,
    "albumPageLimit": 1,
    "searchMarket": "IN",
    "playlistPageLimit": 1
  },
  "appleConfig": {
    "imageWidth": 600,
    "imageHeight": 900,
    "countryCode": "us"
  }
}
